인덱스,사이클_번호,충전_용량(Ah),방전_용량(Ah),누적_용량(Ah),충전_에너지(Wh),방전_에너지(Wh),누적_에너지(Wh),쿨롱_효율(%),에너지_효율(%),최대_전압(V),충전_최종전압(V),방전_최종전압(V),단위_충전_용량(Ah/g),단위_방전_용량(Ah/g)
1,1,0.077838753,0.038738316,0.039100437,0.10780125,0.04696105,0.0608402,49.7673908,43.56262123,1.600002441,1.600002441,0.699196777,0.077838753,0.038738316
2,2,0.042319397,0.040375108,0.041044726,0.063569813,0.048941964,0.075468049,95.40567715,76.9893155,1.600002441,1.600002441,0.698890381,0.042319397,0.040375108
3,3,0.042865108,0.041198308,0.042711526,0.064404556,0.049913099,0.089959505,96.11152235,77.4993296,1.600002441,1.600002441,0.69980957,0.042865108,0.041198308
4,4,0.042942943,0.041315629,0.04433884,0.064544135,0.050041539,0.104462101,96.21052206,77.5307307,1.600002441,1.600002441,0.699349976,0.042942943,0.041315629
5,5,0.043671012,0.041356093,0.046653759,0.065568502,0.050179913,0.119850689,94.69918602,76.53051725,1.600002441,1.600002441,0.699962769,0.043671012,0.041356093
6,6,0.04355502,0.041391808,0.048816971,0.065390866,0.050232634,0.135008922,95.03338144,76.81903682,1.600002441,1.600002441,0.69980957,0.04355502,0.041391808
7,7,0.043617753,0.041518819,0.050915905,0.065467772,0.05039384,0.150082854,95.18789019,76.97503389,1.600002441,1.600002441,0.699962769,0.043617753,0.041518819
8,8,0.043667899,0.041719639,0.052864165,0.06553149,0.050626771,0.164987573,95.53846113,77.25563851,1.600002441,1.600002441,0.69980957,0.043667899,0.041719639
9,9,0.043566822,0.041884173,0.054546814,0.065387563,0.050817675,0.179557461,96.13777483,77.71764606,1.600002441,1.600002441,0.699656372,0.043566822,0.041884173
10,10,0.043573379,0.042172668,0.055947525,0.065421846,0.051173429,0.193805878,96.78539714,78.22070514,1.600002441,1.600002441,0.69980957,0.043573379,0.042172668
11,11,0.04374063,0.042051206,0.057636949,0.065587684,0.051084161,0.208309401,96.13763198,77.88681886,1.600002441,1.600002441,0.69980957,0.04374063,0.042051206
12,12,0.04363407,0.042112308,0.059158711,0.065460979,0.051188908,0.222581472,96.51244625,78.19759015,1.600002441,1.600002441,0.699503174,0.04363407,0.042112308
13,13,0.043441683,0.042145037,0.060455357,0.065194871,0.051237681,0.236538663,97.01520291,78.59158233,1.600002441,1.600002441,0.699962769,0.043441683,0.042145037
14,14,0.043486812,0.042266424,0.061675745,0.065274487,0.051397748,0.250415402,97.19365829,78.74094524,1.600002441,1.600002441,0.699656372,0.043486812,0.042266424
15,15,0.043527385,0.042342148,0.062860983,0.065340711,0.051492313,0.264263799,97.27703047,78.80586647,1.600002441,1.600002441,0.699349976,0.043527385,0.042342148
16,16,0.043467159,0.042308216,0.064019926,0.065265493,0.051438001,0.278091291,97.33374959,78.81347186,1.600002441,1.600002441,0.699503174,0.043467159,0.042308216
17,17,0.043475539,0.04231098,0.065184485,0.06527698,0.051438232,0.291930039,97.32134666,78.79995618,1.600002441,1.600002441,0.699503174,0.043475539,0.04231098
18,18,0.043548783,0.042345225,0.066388043,0.065381065,0.051498864,0.305812241,97.23629967,78.76724538,1.600002441,1.600002441,0.699962769,0.043548783,0.042345225
19,19,0.043736109,0.042336018,0.067788133,0.065643437,0.051504865,0.319950813,96.79877686,78.46155987,1.600002441,1.600002441,0.69980957,0.043736109,0.042336018
20,20,0.043651558,0.042362386,0.069077306,0.065524309,0.051547508,0.333927614,97.04667463,78.66928863,1.600002441,1.600002441,0.699503174,0.043651558,0.042362386
21,21,0.043537376,0.042350296,0.070264386,0.065365649,0.051530686,0.347762576,97.27342349,78.83450634,1.600002441,1.600002441,0.699656372,0.043537376,0.042350296
22,22,0.043542902,0.042375677,0.071431611,0.065376448,0.051566746,0.361572279,97.31936797,78.87664036,1.600002441,1.600002441,0.699503174,0.043542902,0.042375677
23,23,0.043559302,0.042393646,0.072597266,0.065401309,0.051594798,0.37537879,97.32398099,78.88954932,1.600002441,1.600002441,0.699962769,0.043559302,0.042393646
24,24,0.043601512,0.04241303,0.073785748,0.065462094,0.051626117,0.389214767,97.2742174,78.8641391,1.600002441,1.600002441,0.699656372,0.043601512,0.04241303
25,25,0.043610282,0.042441781,0.074954249,0.065479883,0.051666248,0.403028402,97.32058494,78.90400226,1.600002441,1.600002441,0.699349976,0.043610282,0.042441781
26,26,0.043568931,0.042388847,0.076134333,0.065410128,0.051601632,0.416836897,97.29145574,78.88936176,1.600002441,1.600002441,0.699962769,0.043568931,0.042388847
27,27,0.043645336,0.04247497,0.077304699,0.065535645,0.051717388,0.430655154,97.3184627,78.91489861,1.600002441,1.600002441,0.699656372,0.043645336,0.04247497
28,28,0.043655241,0.042523329,0.07843661,0.065557096,0.05178037,0.44443188,97.40715727,78.9851491,1.600002441,1.600002441,0.699656372,0.043655241,0.042523329
29,29,0.043640087,0.042513397,0.0795633,0.065530637,0.051767224,0.458195293,97.4182235,78.99697961,1.600002441,1.600002441,0.699656372,0.043640087,0.042513397
30,30,0.043623591,0.042499828,0.080687063,0.065512905,0.051753212,0.471954987,97.42395505,78.99697205,1.600002441,1.600002441,0.69980957,0.043623591,0.042499828
31,31,0.043682086,0.042555642,0.081813508,0.065598137,0.051831256,0.485721868,97.4212668,79.01330477,1.600002441,1.600002441,0.699656372,0.043682086,0.042555642
32,32,0.043710067,0.042583861,0.082939714,0.065634565,0.051882141,0.499474292,97.42346119,79.04697926,1.600002441,1.600002441,0.699503174,0.043710067,0.042583861
33,33,0.043780429,0.042651229,0.084068915,0.06573074,0.051971084,0.513233948,97.4207646,79.06663476,1.600002441,1.600002441,0.69980957,0.043780429,0.042651229
34,34,0.043853643,0.042713858,0.0852087,0.06582996,0.05206299,0.527000918,97.40093266,79.08707613,1.600002441,1.600002441,0.699656372,0.043853643,0.042713858
35,35,0.043860701,0.042750121,0.08631928,0.065836087,0.052106523,0.540730482,97.46793905,79.14583791,1.600002441,1.600002441,0.699503174,0.043860701,0.042750121
36,36,0.0438543,0.042727609,0.087445971,0.065826091,0.052073536,0.554483038,97.43083239,79.10774374,1.600002441,1.600002441,0.699962769,0.0438543,0.042727609
37,37,0.043819668,0.042695751,0.088569887,0.065775272,0.052027475,0.568230834,97.43513164,79.0988376,1.600002441,1.600002441,0.699503174,0.043819668,0.042695751
38,38,0.043811653,0.042690229,0.089691311,0.065766017,0.052020395,0.581976456,97.4403521,79.09920224,1.600002441,1.600002441,0.69980957,0.043811653,0.042690229
39,39,0.04377159,0.0426544,0.090808502,0.065704638,0.051971066,0.595710028,97.44768113,79.09801727,1.600002441,1.600002441,0.69980957,0.04377159,0.0426544
40,40,0.043780833,0.042671701,0.091917634,0.065721959,0.051994344,0.609437643,97.46662721,79.11258993,1.600002441,1.600002441,0.699656372,0.043780833,0.042671701
41,41,0.043766323,0.042649192,0.093034765,0.06570047,0.051961539,0.623176574,97.44751045,79.08853505,1.600002441,1.600002441,0.699503174,0.043766323,0.042649192
42,42,0.043719646,0.042613329,0.094141081,0.065628897,0.051907906,0.636897566,97.46952099,79.09306407,1.600002441,1.600002441,0.699962769,0.043719646,0.042613329
43,43,0.043741053,0.042624019,0.095258115,0.065667808,0.051930419,0.650634955,97.44625702,79.08048206,1.600002441,1.600002441,0.699962769,0.043741053,0.042624019
44,44,0.043693334,0.042575975,0.096375475,0.06559801,0.051865107,0.664367858,97.44272238,79.06506136,1.600002441,1.600002441,0.699962769,0.043693334,0.042575975
45,45,0.043629456,0.042520215,0.097484716,0.065504122,0.051789054,0.678082925,97.45758629,79.06228308,1.600002441,1.600002441,0.69980957,0.043629456,0.042520215
46,46,0.043569456,0.042464248,0.098589924,0.065417907,0.051714647,0.691786185,97.46334214,79.05273871,1.600002441,1.600002441,0.69980957,0.043569456,0.042464248
47,47,0.043596236,0.042499051,0.099687109,0.065468486,0.051761246,0.705493426,97.48330282,79.06284141,1.600002441,1.600002441,0.699656372,0.043596236,0.042499051
48,48,0.043550883,0.042447242,0.100790751,0.065402589,0.051692842,0.719203172,97.46585788,79.03791467,1.600002441,1.600002441,0.699962769,0.043550883,0.042447242
49,49,0.043500289,0.042399274,0.101891766,0.065330423,0.051628748,0.732904848,97.46894741,79.02711365,1.600002441,1.600002441,0.699503174,0.043500289,0.042399274
50,50,0.043472388,0.042388568,0.102975586,0.065297406,0.051615705,0.746586549,97.50687713,79.04709813,1.600002441,1.600002441,0.69980957,0.043472388,0.042388568
51,51,0.043435003,0.042337919,0.104072669,0.065238828,0.051550273,0.760275105,97.47419517,79.01777809,1.600002441,1.600002441,0.699962769,0.043435003,0.042337919
52,52,0.043403121,0.042310129,0.105165661,0.065191983,0.051513776,0.773953312,97.48176624,79.01857462,1.600002441,1.600002441,0.699503174,0.043403121,0.042310129
53,53,0.043399505,0.042316942,0.106248225,0.065192788,0.051525563,0.787620536,97.50558601,79.03568053,1.600002441,1.600002441,0.699962769,0.043399505,0.042316942
54,54,0.043428726,0.0423371,0.10733985,0.065241381,0.051552506,0.801309412,97.4863971,79.01810969,1.600002441,1.600002441,0.699503174,0.043428726,0.0423371
55,55,0.043404761,0.042306317,0.108438295,0.065205799,0.051512563,0.815002648,97.46929961,78.99997177,1.600002441,1.600002441,0.699656372,0.043404761,0.042306317
56,56,0.043340867,0.042262639,0.109516523,0.065109236,0.051456688,0.828655196,97.51221465,79.03131857,1.600002441,1.600002441,0.699962769,0.043340867,0.042262639
57,57,0.043431922,0.042347792,0.110600654,0.06524738,0.051578071,0.842324505,97.5038384,79.05002588,1.600002441,1.600002441,0.699962769,0.043431922,0.042347792
58,58,0.043433253,0.042339745,0.111694161,0.065248242,0.051569116,0.856003631,97.48232654,79.03525788,1.600002441,1.600002441,0.699656372,0.043433253,0.042339745
59,59,0.043454506,0.042357153,0.112791514,0.06527962,0.051596484,0.869686766,97.47470822,79.03919251,1.600002441,1.600002441,0.69980957,0.043454506,0.042357153
60,60,0.043424755,0.04232382,0.11389245,0.065232558,0.05155381,0.883365515,97.46472804,79.03079575,1.600002441,1.600002441,0.69980957,0.043424755,0.04232382
61,61,0.043361663,0.042267777,0.114986337,0.065138836,0.051485275,0.897019075,97.47729529,79.03929334,1.600002441,1.600002441,0.69980957,0.043361663,0.042267777
62,62,0.043497811,0.042431948,0.1160522,0.065353747,0.051712728,0.910660094,97.5496155,79.12741128,1.600002441,1.600002441,0.69980957,0.043497811,0.042431948
63,63,0.043465822,0.042369288,0.117148734,0.065293759,0.05163322,0.924320632,97.47725008,79.07833978,1.600002441,1.600002441,0.699656372,0.043465822,0.042369288
64,64,0.043455216,0.04235611,0.118247839,0.06527817,0.051619927,0.937978875,97.47071734,79.07686072,1.600002441,1.600002441,0.699656372,0.043455216,0.04235611
65,65,0.043445764,0.042338633,0.119354971,0.065267772,0.051616763,0.951629884,97.45169333,79.08460959,1.600002441,1.600002441,0.69980957,0.043445764,0.042338633
66,66,0.043423229,0.042324132,0.120454067,0.065230952,0.051596644,0.965264192,97.4688743,79.09840651,1.600002441,1.600002441,0.69980957,0.043423229,0.042324132
67,67,0.043370026,0.042277561,0.121546532,0.065150377,0.051538253,0.978876316,97.48105974,79.10660798,1.600002441,1.600002441,0.699962769,0.043370026,0.042277561
68,68,0.043367327,0.042270908,0.122642951,0.065149206,0.051531876,0.992493645,97.47178626,79.09824181,1.600002441,1.600002441,0.69980957,0.043367327,0.042270908
69,69,0.043326013,0.042228465,0.123740499,0.065087855,0.051479992,1.006101508,97.46676902,79.09308475,1.600002441,1.600002441,0.69980957,0.043326013,0.042228465
70,70,0.043302154,0.042208096,0.124834557,0.065053318,0.051459184,1.019695643,97.47343262,79.10308808,1.600002441,1.600002441,0.699962769,0.043302154,0.042208096
71,71,0.04326602,0.042168272,0.125932306,0.064995287,0.05140923,1.0332817,97.46279262,79.09685813,1.600002441,1.600002441,0.699962769,0.04326602,0.042168272
72,72,0.043263399,0.04216436,0.127031345,0.064993548,0.051407461,1.046867787,97.45965637,79.09625211,1.600002441,1.600002441,0.699962769,0.043263399,0.04216436
73,73,0.043272719,0.042181832,0.128122231,0.065011041,0.051438224,1.060440604,97.47904308,79.12228995,1.600002441,1.600002441,0.699962769,0.043272719,0.042181832
74,74,0.043256691,0.042161571,0.129217352,0.064985615,0.05141648,1.074009739,97.46832173,79.11978713,1.600002441,1.600002441,0.699656372,0.043256691,0.042161571
75,75,0.043234048,0.042132201,0.130319198,0.064946662,0.051386677,1.087569724,97.45143787,79.12135112,1.600002441,1.600002441,0.699962769,0.043234048,0.042132201
76,76,0.043215723,0.042113749,0.131421173,0.064923476,0.051366518,1.101126682,97.45006131,79.11855854,1.600002441,1.600002441,0.699962769,0.043215723,0.042113749
77,77,0.043150212,0.042061927,0.132509457,0.064824391,0.051297175,1.114653898,97.47791566,79.13252063,1.600002441,1.600002441,0.69980957,0.043150212,0.042061927
78,78,0.043142147,0.042042899,0.133608705,0.06481387,0.051283373,1.128184395,97.45203283,79.12407205,1.600002441,1.600002441,0.69980957,0.043142147,0.042042899
79,79,0.043111618,0.042021856,0.134698468,0.064766379,0.051263558,1.141687216,97.47223025,79.15149631,1.600002441,1.600002441,0.69980957,0.043111618,0.042021856
80,80,0.043107563,0.042011339,0.135794692,0.064761942,0.0512531,1.155196059,97.4570031,79.14076981,1.600002441,1.600002441,0.69980957,0.043107563,0.042011339
81,81,0.043066374,0.041968535,0.13689253,0.064703323,0.051203211,1.168696171,97.45082167,79.13536484,1.600002441,1.600002441,0.699962769,0.043066374,0.041968535
82,82,0.043046308,0.041953843,0.137984995,0.064675093,0.051187818,1.182183446,97.46211692,79.1461071,1.600002441,1.600002441,0.69980957,0.043046308,0.041953843
83,83,0.043048987,0.041957802,0.13907618,0.064680135,0.051199476,1.195664104,97.46524877,79.15796156,1.600002441,1.600002441,0.69980957,0.043048987,0.041957802
84,84,0.043009092,0.041919288,0.140165984,0.064620529,0.051153609,1.209131024,97.46610858,79.15999722,1.600002441,1.600002441,0.699962769,0.043009092,0.041919288
85,85,0.042971704,0.041880436,0.141257252,0.064563667,0.05110894,1.222585751,97.46049474,79.16052811,1.600002441,1.600002441,0.699962769,0.042971704,0.041880436
86,86,0.042990267,0.041904585,0.142342934,0.06459217,0.051150267,1.236027654,97.47458651,79.18957818,1.600002441,1.600002441,0.699962769,0.042990267,0.041904585
87,87,0.042995788,0.041912789,0.143425933,0.064602526,0.051170862,1.249459319,97.48115088,79.20876273,1.600002441,1.600002441,0.699656372,0.042995788,0.041912789
88,88,0.042989132,0.041891275,0.14452379,0.064590567,0.051148366,1.262901521,97.44619831,79.18859964,1.600002441,1.600002441,0.699962769,0.042989132,0.041891275
89,89,0.04296781,0.041876716,0.145614884,0.064560566,0.051135993,1.276326093,97.46067185,79.20623462,1.600002441,1.600002441,0.69980957,0.04296781,0.041876716
90,90,0.042913173,0.041816512,0.146711545,0.064476606,0.051062754,1.289739945,97.44446518,79.1957849,1.600002441,1.600002441,0.69980957,0.042913173,0.041816512
91,91,0.042931698,0.041827386,0.147815857,0.064506671,0.051083666,1.30316295,97.4277464,79.19129094,1.600002441,1.600002441,0.699962769,0.042931698,0.041827386
92,92,0.042919746,0.041824713,0.14891089,0.064493116,0.051087973,1.316568093,97.44865021,79.21461476,1.600002441,1.600002441,0.699962769,0.042919746,0.041824713
93,93,0.042891924,0.041795667,0.150007147,0.064447443,0.051060852,1.329954685,97.44414198,79.22866932,1.600002441,1.600002441,0.699962769,0.042891924,0.041795667
94,94,0.042875908,0.041782208,0.151100847,0.06442586,0.051051396,1.343329149,97.44914996,79.24053478,1.600002441,1.600002441,0.699656372,0.042875908,0.041782208
95,95,0.042883907,0.041790178,0.152194576,0.06444027,0.051073502,1.356695917,97.44955799,79.25711997,1.600002441,1.600002441,0.69980957,0.042883907,0.041790178
96,96,0.042883814,0.041779366,0.153299025,0.064438263,0.051067275,1.370066905,97.42455662,79.2499247,1.600002441,1.600002441,0.69980957,0.042883814,0.041779366
97,97,0.042858591,0.041755561,0.154402055,0.064400615,0.051041565,1.383425955,97.42635004,79.25633137,1.600002441,1.600002441,0.699656372,0.042858591,0.041755561
98,98,0.042768064,0.041662191,0.155507928,0.064262427,0.050929136,1.396759246,97.41425547,79.2518085,1.600002441,1.600002441,0.699962769,0.042768064,0.041662191
99,99,0.042742571,0.041635483,0.156615016,0.064228876,0.050901123,1.410086999,97.40986938,79.24959356,1.600002441,1.600002441,0.699962769,0.042742571,0.041635483
100,100,0.042698779,0.041599335,0.15771446,0.06416885,0.050865588,1.423390261,97.42511563,79.26834919,1.600002441,1.600002441,0.699962769,0.042698779,0.041599335
101,101,0.042646937,0.041543379,0.158818018,0.064090917,0.050801751,1.436679427,97.41233935,79.26513375,1.600002441,1.600002441,0.69980957,0.042646937,0.041543379
102,102,0.042605435,0.041500803,0.159922649,0.064030064,0.050754039,1.449955452,97.40729993,79.26595096,1.600002441,1.600002441,0.699962769,0.042605435,0.041500803
103,103,0.04255749,0.041455555,0.161024584,0.063961876,0.050703883,1.463213445,97.41071525,79.27203848,1.600002441,1.600002441,0.699962769,0.04255749,0.041455555
104,104,0.042520121,0.041424904,0.162119801,0.063906813,0.050673404,1.476446854,97.42423746,79.29264715,1.600002441,1.600002441,0.699962769,0.042520121,0.041424904
105,105,0.04249738,0.04139567,0.163221511,0.063873873,0.050645038,1.489675689,97.40758088,79.28913036,1.600002441,1.600002441,0.699962769,0.04249738,0.04139567
106,106,0.04246674,0.041365137,0.164323115,0.06383089,0.050613806,1.502892772,97.40596171,79.29359358,1.600002441,1.600002441,0.699962769,0.04246674,0.041365137
107,107,0.042456142,0.041368995,0.165410262,0.06382039,0.050635656,1.516077506,97.4393646,79.34087463,1.600002441,1.600002441,0.69980957,0.042456142,0.041368995
108,108,0.04244945,0.04134919,0.166510521,0.063805453,0.050620808,1.529262151,97.4080713,79.33617922,1.600002441,1.600002441,0.69980957,0.04244945,0.04134919
109,109,0.042417532,0.041314589,0.167613465,0.063763112,0.050584905,1.542440358,97.39979438,79.33255333,1.600002441,1.600002441,0.699962769,0.042417532,0.041314589
110,110,0.042334832,0.041240039,0.168708257,0.06363753,0.050495198,1.555582689,97.413967,79.34814364,1.600002441,1.600002441,0.69980957,0.042334832,0.041240039
111,111,0.04229094,0.041194892,0.169804305,0.063577823,0.050447377,1.568713135,97.40831581,79.34744318,1.600002441,1.600002441,0.699962769,0.04229094,0.041194892
112,112,0.042214945,0.041121519,0.170897731,0.063468265,0.050360875,1.581820525,97.40986115,79.34812081,1.600002441,1.600002441,0.699962769,0.042214945,0.041121519
113,113,0.042188177,0.041098881,0.171987026,0.06343363,0.050341065,1.594913089,97.41800757,79.36021546,1.600002441,1.600002441,0.69980957,0.042188177,0.041098881
114,114,0.04213089,0.041041431,0.173076485,0.063345926,0.050276789,1.607982225,97.41410907,79.36862382,1.600002441,1.600002441,0.699962769,0.04213089,0.041041431
115,115,0.042078906,0.040988057,0.174167334,0.063271431,0.050216485,1.621037171,97.40761005,79.36676136,1.600002441,1.600002441,0.699962769,0.042078906,0.040988057
116,116,0.042054956,0.040961502,0.175260788,0.063239175,0.050192672,1.634083674,97.39994008,79.36958644,1.600002441,1.600002441,0.69980957,0.042054956,0.040961502
117,117,0.041984249,0.040893558,0.176351479,0.063134633,0.05011202,1.647106287,97.40214199,79.37326548,1.600002441,1.600002441,0.699962769,0.041984249,0.040893558
118,118,0.041937632,0.040849599,0.177439513,0.063069214,0.050065632,1.660109869,97.40559261,79.38204583,1.600002441,1.600002441,0.699962769,0.041937632,0.040849599
119,119,0.041873774,0.040789468,0.178523819,0.062976055,0.049996271,1.673089653,97.41053659,79.38933397,1.600002441,1.600002441,0.699962769,0.041873774,0.040789468
120,120,0.041832413,0.040745564,0.179610668,0.06291532,0.049948793,1.68605618,97.40189733,79.3905103,1.600002441,1.600002441,0.69980957,0.041832413,0.040745564
121,121,0.041792425,0.040710929,0.180692163,0.062858531,0.049916317,1.698998393,97.41222046,79.41056921,1.600002441,1.600002441,0.699962769,0.041792425,0.040710929
122,122,0.041763002,0.040680225,0.181774941,0.062816673,0.049887942,1.711927125,97.40732918,79.41831206,1.600002441,1.600002441,0.699656372,0.041763002,0.040680225
123,123,0.041684484,0.040605502,0.182853922,0.062699855,0.049801028,1.724825952,97.41155033,79.42766082,1.600002441,1.600002441,0.69980957,0.041684484,0.040605502
124,124,0.041672416,0.040601589,0.18392475,0.062688371,0.049811477,1.737702846,97.43036838,79.45887931,1.600002441,1.600002441,0.69980957,0.041672416,0.040601589
125,125,0.041620543,0.040540532,0.185004761,0.062609974,0.049740967,1.750571852,97.40510232,79.44575678,1.600002441,1.600002441,0.699962769,0.041620543,0.040540532
126,126,0.041565943,0.040489818,0.186080886,0.062532948,0.049686194,1.763418605,97.41104166,79.45602467,1.600002441,1.600002441,0.699962769,0.041565943,0.040489818
127,127,0.041508557,0.040433729,0.187155713,0.062450387,0.049623409,1.776245583,97.41058869,79.46053191,1.600002441,1.600002441,0.69980957,0.041508557,0.040433729
128,128,0.041433997,0.040363241,0.188226469,0.062341431,0.049541709,1.789045305,97.4157546,79.46835341,1.600002441,1.600002441,0.69980957,0.041433997,0.040363241
129,129,0.041383281,0.040313872,0.189295878,0.062270635,0.049487796,1.801828144,97.41584347,79.47212374,1.600002441,1.600002441,0.699962769,0.041383281,0.040313872
130,130,0.04135268,0.040285913,0.190362644,0.062230757,0.049464132,1.814594769,97.42032113,79.48502356,1.600002441,1.600002441,0.69980957,0.04135268,0.040285913
131,131,0.041270026,0.040204645,0.191428025,0.062107118,0.04937269,1.827329197,97.41851089,79.49602424,1.600002441,1.600002441,0.69980957,0.041270026,0.040204645
132,132,0.04124349,0.040179358,0.192492157,0.062075248,0.049353013,1.840051432,97.41987873,79.50514055,1.600002441,1.600002441,0.699962769,0.04124349,0.040179358
133,133,0.041200751,0.040133874,0.193559034,0.062013291,0.049305866,1.852758857,97.41054154,79.50854627,1.600002441,1.600002441,0.699962769,0.041200751,0.040133874
134,134,0.041136718,0.040073931,0.19462182,0.061921312,0.049238252,1.865441917,97.41645273,79.51745607,1.600002441,1.600002441,0.69980957,0.041136718,0.040073931
135,135,0.041083382,0.040023294,0.195681909,0.061845355,0.049185362,1.87810191,97.41966609,79.52959755,1.600002441,1.600002441,0.69980957,0.041083382,0.040023294
136,136,0.041032864,0.039970046,0.196744727,0.061773496,0.049128624,1.890746783,97.40983687,79.53026263,1.600002441,1.600002441,0.69980957,0.041032864,0.039970046
137,137,0.040954307,0.039893165,0.197805869,0.0616574,0.049037679,1.903366503,97.40896103,79.5325127,1.600002441,1.600002441,0.699962769,0.040954307,0.039893165
138,138,0.040892732,0.039833333,0.198865267,0.061567975,0.048972199,1.915962279,97.40932399,79.5416758,1.600002441,1.600002441,0.699962769,0.040892732,0.039833333
139,139,0.040854072,0.039795837,0.199923502,0.061515378,0.048933342,1.928544315,97.40971955,79.54651872,1.600002441,1.600002441,0.69980957,0.040854072,0.039795837
140,140,0.040752815,0.039697059,0.200979258,0.061360579,0.048815828,1.941089066,97.40936681,79.55568373,1.600002441,1.600002441,0.699503174,0.040752815,0.039697059
141,141,0.040742256,0.039682356,0.202039158,0.061354595,0.048809734,1.953633927,97.39852333,79.55350991,1.600002441,1.600002441,0.699962769,0.040742256,0.039682356
142,142,0.040671573,0.039612811,0.20309792,0.061250162,0.048728889,1.9661552,97.39680165,79.55715962,1.600002441,1.600002441,0.69980957,0.040671573,0.039612811
143,143,0.040617643,0.03956582,0.204149743,0.061172036,0.048681357,1.978645879,97.41042754,79.58106391,1.600002441,1.600002441,0.69980957,0.040617643,0.03956582
144,144,0.040588258,0.039532638,0.205205363,0.061127523,0.048651924,1.991121479,97.3991993,79.59086308,1.600002441,1.600002441,0.699656372,0.040588258,0.039532638
145,145,0.040552252,0.039504536,0.206253079,0.061071216,0.048633666,2.003559029,97.41637968,79.6343504,1.600002441,1.600002441,0.699962769,0.040552252,0.039504536
146,146,0.040524279,0.039472693,0.207304665,0.061027784,0.04860865,2.015978164,97.40504755,79.65003191,1.600002441,1.600002441,0.699962769,0.040524279,0.039472693
147,147,0.040520299,0.039471424,0.20835354,0.061021524,0.048621011,2.028378677,97.41148289,79.67846023,1.600002441,1.600002441,0.699962769,0.040520299,0.039471424
148,148,0.040514808,0.039459454,0.209408893,0.06101429,0.048616567,2.0407764,97.39514138,79.68062319,1.600002441,1.600002441,0.699656372,0.040514808,0.039459454
149,149,0.040470745,0.039426131,0.210453506,0.06094866,0.048592235,2.053132826,97.41884385,79.72650203,1.600002441,1.600002441,0.699962769,0.040470745,0.039426131
150,150,0.040448218,0.039395332,0.211506393,0.060912226,0.048567613,2.065477439,97.39695316,79.73376761,1.600002441,1.600002441,0.69980957,0.040448218,0.039395332
151,151,0.040468304,0.039414008,0.212560689,0.060949692,0.048609108,2.077818023,97.39476009,79.75283611,1.600002441,1.600002441,0.69980957,0.040468304,0.039414008
152,152,0.04040434,0.039359473,0.213605556,0.060849568,0.048551881,2.09011571,97.4139734,79.79001828,1.600002441,1.600002441,0.699962769,0.04040434,0.039359473
153,153,0.040400368,0.039344793,0.214661131,0.060845985,0.04854414,2.102417555,97.38721423,79.78199331,1.600002441,1.600002441,0.699962769,0.040400368,0.039344793
154,154,0.040299129,0.039246244,0.215714016,0.060691586,0.0484264,2.114682741,97.38732543,79.79096202,1.600002441,1.600002441,0.699962769,0.040299129,0.039246244
155,155,0.040165403,0.039120093,0.216759326,0.060497981,0.048254156,2.126926565,97.39748713,79.76159825,1.600002441,1.600002441,0.699962769,0.040165403,0.039120093
156,156,0.040138239,0.039095847,0.217801718,0.060458932,0.048234662,2.139150836,97.40299423,79.7808692,1.600002441,1.600002441,0.699656372,0.040138239,0.039095847
157,157,0.040131417,0.039086819,0.218846315,0.060452124,0.048239263,2.151363697,97.39705894,79.79746485,1.600002441,1.600002441,0.699656372,0.040131417,0.039086819
158,158,0.040064132,0.03902344,0.219887007,0.060349595,0.048165716,2.163547576,97.40243483,79.81116703,1.600002441,1.600002441,0.699656372,0.040064132,0.03902344
159,159,0.040139891,0.039088717,0.220938182,0.060481545,0.048291801,2.175737321,97.38122269,79.8455141,1.600002441,1.600002441,0.69980957,0.040139891,0.039088717
160,160,0.04010272,0.039047566,0.221993335,0.060420395,0.048253432,2.187904284,97.36887304,79.86282002,1.600002441,1.600002441,0.699962769,0.04010272,0.039047566
161,161,0.040025616,0.038992381,0.22302657,0.060305542,0.04818983,2.200019996,97.41856716,79.90945525,1.600002441,1.600002441,0.69980957,0.040025616,0.038992381
162,162,0.039903193,0.038875374,0.224054388,0.060126345,0.048049145,2.212097196,97.42421932,79.91363058,1.600002441,1.600002441,0.699962769,0.039903193,0.038875374
163,163,0.039809997,0.038788972,0.225075413,0.059993356,0.047946907,2.224143645,97.43525483,79.9203611,1.600002441,1.600002441,0.69980957,0.039809997,0.038788972
164,164,0.039718118,0.038695819,0.226097712,0.059862693,0.047835395,2.236170943,97.42611471,79.90852588,1.600002441,1.600002441,0.699962769,0.039718118,0.038695819
165,165,0.039622167,0.038605102,0.227114777,0.05972617,0.047729801,2.248167312,97.4330912,79.91438326,1.600002441,1.600002441,0.69980957,0.039622167,0.038605102
166,166,0.039534044,0.038531747,0.228117074,0.059600209,0.047647322,2.2601202,97.46472448,79.94489026,1.600002441,1.600002441,0.69980957,0.039534044,0.038531747
167,167,0.039492814,0.038485166,0.229124722,0.05954313,0.047596271,2.272067059,97.44852755,79.93578931,1.600002441,1.600002441,0.699962769,0.039492814,0.038485166
168,168,0.039391502,0.038391902,0.230124322,0.059392166,0.047487603,2.283971621,97.4623967,79.95600582,1.600002441,1.600002441,0.699656372,0.039391502,0.038391902
169,169,0.039330255,0.038325207,0.231129371,0.059305456,0.047410651,2.295866426,97.44459204,79.94315248,1.600002441,1.600002441,0.699962769,0.039330255,0.038325207
170,170,0.039245001,0.03824524,0.232129132,0.059182014,0.047316385,2.307732055,97.45251407,79.95061662,1.600002441,1.600002441,0.69980957,0.039245001,0.03824524
171,171,0.039161031,0.03816495,0.233125213,0.059061577,0.047223463,2.319570168,97.45644794,79.95631964,1.600002441,1.600002441,0.699656372,0.039161031,0.03816495
172,172,0.039043638,0.038051672,0.234117179,0.058893341,0.047079978,2.331383532,97.45933976,79.94108774,1.600002441,1.600002441,0.699962769,0.039043638,0.038051672
173,173,0.03898104,0.037995673,0.235102546,0.058806146,0.047018416,2.343171262,97.47218907,79.95493518,1.600002441,1.600002441,0.699656372,0.03898104,0.037995673
174,174,0.038910152,0.037917747,0.236094951,0.058703007,0.046925929,2.35494834,97.44949638,79.9378631,1.600002441,1.600002441,0.699962769,0.038910152,0.037917747
175,175,0.038799277,0.037813486,0.237080742,0.058535311,0.046799269,2.366684382,97.45925286,79.95049112,1.600002441,1.600002441,0.69980957,0.038799277,0.037813486
176,176,0.038753629,0.037769327,0.238065044,0.058472684,0.046752876,2.37840419,97.46010439,79.95678144,1.600002441,1.600002441,0.699962769,0.038753629,0.037769327
177,177,0.038665659,0.037686701,0.239044002,0.058343915,0.046657726,2.390090379,97.46814567,79.97016592,1.600002441,1.600002441,0.699656372,0.038665659,0.037686701
178,178,0.038601694,0.037625697,0.240019999,0.058251843,0.046588616,2.401753606,97.47162278,79.97792597,1.600002441,1.600002441,0.699656372,0.038601694,0.037625697
179,179,0.038451502,0.037486366,0.240985135,0.058030549,0.04641221,2.413371946,97.48999034,79.97892572,1.600002441,1.600002441,0.699962769,0.038451502,0.037486366
180,180,0.038419738,0.03745188,0.241952993,0.057992862,0.04638275,2.424982058,97.48083147,79.98010104,1.600002441,1.600002441,0.699656372,0.038419738,0.03745188
181,181,0.038399729,0.03743071,0.242922012,0.057958601,0.046377824,2.436562835,97.47649382,80.01888139,1.600002441,1.600002441,0.699962769,0.038399729,0.03743071
182,182,0.038325152,0.037359011,0.243888153,0.057843531,0.046297571,2.448108795,97.47909441,80.03932383,1.600002441,1.600002441,0.69980957,0.038325152,0.037359011
183,183,0.038269437,0.037303096,0.244854495,0.057765383,0.046237191,2.459636986,97.47490104,80.04307947,1.600002441,1.600002441,0.699962769,0.038269437,0.037303096
184,184,0.038197603,0.037233886,0.245818211,0.057660652,0.046155335,2.471142303,97.47702347,80.04650314,1.600002441,1.600002441,0.699962769,0.038197603,0.037233886
185,185,0.038101605,0.037140612,0.246779204,0.05751941,0.04604584,2.482615872,97.47781395,80.05269929,1.600002441,1.600002441,0.699962769,0.038101605,0.037140612
186,186,0.03801621,0.037063304,0.24773211,0.057393256,0.045954651,2.494054478,97.49342415,80.06977439,1.600002441,1.600002441,0.69980957,0.03801621,0.037063304
187,187,0.037916226,0.036970113,0.248678223,0.057243707,0.04584261,2.505455575,97.50472767,80.08322996,1.600002441,1.600002441,0.69980957,0.037916226,0.036970113
188,188,0.03787886,0.03692491,0.249632173,0.057194453,0.045795582,2.516854447,97.48157567,80.06997088,1.600002441,1.600002441,0.69980957,0.03787886,0.03692491
189,189,0.037777559,0.036831559,0.250578173,0.057044091,0.045686844,2.528211693,97.49586831,80.09040664,1.60015564,1.60015564,0.69980957,0.037777559,0.036831559
190,190,0.037694936,0.036748939,0.25152417,0.056924481,0.045592293,2.539543881,97.49038754,80.09259305,1.600002441,1.600002441,0.699962769,0.037694936,0.036748939
191,191,0.037616225,0.036671618,0.252468777,0.056807946,0.045501467,2.55085036,97.4888309,80.09701193,1.600002441,1.600002441,0.699962769,0.037616225,0.036671618
192,192,0.037532323,0.036606336,0.253394764,0.056685119,0.045418888,2.562116591,97.53282858,80.1248879,1.600002441,1.600002441,0.69980957,0.037532323,0.036606336
193,193,0.037496326,0.036542292,0.254348798,0.056634067,0.045355369,2.573395289,97.45565994,80.08495837,1.600002441,1.600002441,0.699656372,0.037496326,0.036542292
194,194,0.037400396,0.036469149,0.255280044,0.056496491,0.045269113,2.584622666,97.51006224,80.12730126,1.600002441,1.600002441,0.69980957,0.037400396,0.036469149
195,195,0.037300413,0.036367762,0.256212695,0.056349008,0.045150084,2.59582159,97.49962433,80.12578328,1.600002441,1.600002441,0.699962769,0.037300413,0.036367762
196,196,0.037209974,0.036289079,0.257133589,0.056218761,0.045053098,2.606987253,97.52514079,80.13890222,1.600002441,1.600002441,0.69980957,0.037209974,0.036289079
197,197,0.037148579,0.03622112,0.258061048,0.056129012,0.044976756,2.618139508,97.50338028,80.13103196,1.600002441,1.600002441,0.699962769,0.037148579,0.03622112
198,198,0.037059345,0.036141209,0.258979184,0.055999744,0.04488147,2.629257783,97.52252385,80.14584821,1.600002441,1.600002441,0.699962769,0.037059345,0.036141209
199,199,0.036967404,0.036050584,0.259896005,0.055863855,0.044774719,2.640346918,97.51992141,80.14971259,1.600002441,1.600002441,0.699962769,0.036967404,0.036050584
200,200,0.03688203,0.035974695,0.26080334,0.055738571,0.044684201,2.651401288,97.53989982,80.1674681,1.600002441,1.600002441,0.699962769,0.03688203,0.035974695
201,201,0.036787461,0.035874697,0.261716104,0.055599119,0.044567592,2.662432815,97.51881801,80.15880979,1.600002441,1.600002441,0.699656372,0.036787461,0.035874697
202,202,0.0367381,0.035828047,0.262626157,0.055530465,0.044520079,2.673443201,97.52286098,80.17235004,1.600002441,1.600002441,0.699656372,0.0367381,0.035828047
203,203,0.036644808,0.035741433,0.263529533,0.055392172,0.044416847,2.684418527,97.53477926,80.18614313,1.600002441,1.600002441,0.69980957,0.036644808,0.035741433
204,204,0.036548882,0.03564826,0.264430155,0.055251314,0.044305698,2.695364143,97.5358431,80.18940119,1.600002441,1.600002441,0.699962769,0.036548882,0.03564826
205,205,0.036466175,0.035569575,0.265326755,0.055130139,0.044212451,2.706281832,97.54128339,80.19651596,1.600002441,1.600002441,0.69980957,0.036466175,0.035569575
206,206,0.036358313,0.035469624,0.266215444,0.054970557,0.044093266,2.717159123,97.55574627,80.21251422,1.600002441,1.600002441,0.69980957,0.036358313,0.035469624
207,207,0.036295603,0.03540715,0.267103897,0.054878896,0.044020283,2.728017736,97.55217476,80.21349874,1.600002441,1.600002441,0.699503174,0.036295603,0.03540715
208,208,0.036206303,0.035320423,0.267989777,0.054748732,0.043919607,2.738846861,97.55324266,80.22031906,1.600002441,1.600002441,0.699962769,0.036206303,0.035320423
209,209,0.036093083,0.035212355,0.268870505,0.054579972,0.043788381,2.749638451,97.55984311,80.22792981,1.600002441,1.600002441,0.699503174,0.036093083,0.035212355
210,210,0.036029147,0.035148433,0.269751218,0.054488106,0.043713939,2.760412618,97.5555532,80.22657037,1.600002441,1.600002441,0.699962769,0.036029147,0.035148433
211,211,0.035926482,0.035051218,0.270626483,0.054335942,0.043597223,2.771151338,97.56373553,80.23643388,1.600002441,1.600002441,0.69980957,0.035926482,0.035051218
212,212,0.035834557,0.034963236,0.271497804,0.05419985,0.043492971,2.781858217,97.56848912,80.24555595,1.600002441,1.600002441,0.699503174,0.035834557,0.034963236
213,213,0.035763908,0.034892729,0.272368983,0.054097691,0.043412209,2.792543699,97.56408331,80.24780508,1.600002441,1.600002441,0.699962769,0.035763908,0.034892729
214,214,0.03563602,0.034775493,0.27322951,0.053905885,0.043268034,2.80318155,97.58523201,80.26588183,1.600002441,1.600002441,0.69980957,0.03563602,0.034775493
215,215,0.035608038,0.03474093,0.274096619,0.053870838,0.043233517,2.81381887,97.56485128,80.25402783,1.600002441,1.600002441,0.699962769,0.035608038,0.03474093
216,216,0.035510769,0.034650223,0.274957165,0.053728222,0.043124881,2.824422211,97.5766603,80.26485792,1.600002441,1.600002441,0.699656372,0.035510769,0.034650223
217,217,0.035436015,0.034579517,0.275813664,0.053619011,0.043043064,2.834998158,97.58297229,80.27575139,1.600002441,1.600002441,0.699503174,0.035436015,0.034579517
218,218,0.035358666,0.034506167,0.276666163,0.053504973,0.042957269,2.845545862,97.58899542,80.2864976,1.600002441,1.600002441,0.699656372,0.035358666,0.034506167
219,219,0.035278713,0.034425058,0.277519818,0.053386872,0.042863063,2.856069672,97.58025466,80.28764596,1.600002441,1.600002441,0.699962769,0.035278713,0.034425058
220,220,0.035157443,0.034311715,0.278365546,0.053203521,0.042724382,2.86654881,97.59445543,80.30367461,1.600002441,1.600002441,0.699656372,0.035157443,0.034311715
221,221,0.035137454,0.034290521,0.279212478,0.053181145,0.042707038,2.877022918,97.58965931,80.30484798,1.600002441,1.600002441,0.699503174,0.035137454,0.034290521
222,222,0.035045452,0.034205052,0.280052878,0.053044853,0.042606839,2.887460932,97.60197138,80.322287,1.600002441,1.600002441,0.69980957,0.035045452,0.034205052
223,223,0.03494834,0.034113042,0.280888176,0.052900954,0.042497737,2.897864148,97.60990497,80.33453913,1.600002441,1.600002441,0.699656372,0.03494834,0.034113042
224,224,0.034859011,0.034021184,0.281726004,0.052769485,0.042390453,2.90824318,97.59652608,80.33137514,1.600002441,1.600002441,0.699962769,0.034859011,0.034021184
225,225,0.034773714,0.033941323,0.282558394,0.052643769,0.042295158,2.918591791,97.60626518,80.34219169,1.600002441,1.600002441,0.699962769,0.034773714,0.033941323
226,226,0.034674986,0.033847836,0.283385543,0.052495199,0.042184596,2.928902395,97.61456524,80.35895934,1.600002441,1.600002441,0.69980957,0.034674986,0.033847836
227,227,0.034621755,0.033798579,0.284208719,0.052420535,0.042130889,2.939192041,97.62237572,80.37096233,1.600002441,1.600002441,0.69980957,0.034621755,0.033798579
228,228,0.034583083,0.033756004,0.285035798,0.052365239,0.042085949,2.949471332,97.60842888,80.37001167,1.600002441,1.600002441,0.699656372,0.034583083,0.033756004
229,229,0.03447518,0.033654699,0.285856279,0.05220394,0.041963486,2.959711785,97.62008171,80.38375342,1.600002441,1.600002441,0.699349976,0.03447518,0.033654699
230,230,0.034396631,0.033577298,0.286675612,0.052090283,0.041873311,2.969928757,97.61798539,80.38603196,1.600002441,1.600002441,0.69980957,0.034396631,0.033577298
231,231,0.03431265,0.033497436,0.287490826,0.051966375,0.041777042,2.980118089,97.62415696,80.39245073,1.600002441,1.600002441,0.699503174,0.03431265,0.033497436
232,232,0.034231389,0.033421424,0.288300791,0.051847778,0.041687921,2.990277947,97.63385297,80.40445012,1.600002441,1.600002441,0.699656372,0.034231389,0.033421424
233,233,0.034154089,0.033341506,0.289113374,0.05173195,0.041595956,3.000413941,97.62083212,80.40670397,1.600002441,1.600002441,0.69980957,0.034154089,0.033341506
234,234,0.034066111,0.033258986,0.289920499,0.051601839,0.041500255,3.010515525,97.63071088,80.42398439,1.600002441,1.600002441,0.699962769,0.034066111,0.033258986
235,235,0.033984848,0.033183085,0.290722261,0.051481616,0.041410684,3.020586457,97.64082383,80.43780849,1.600002441,1.600002441,0.699503174,0.033984848,0.033183085
236,236,0.033908861,0.033108446,0.291522676,0.051371589,0.041323412,3.030634634,97.63951172,80.44020574,1.600002441,1.600002441,0.69980957,0.033908861,0.033108446
237,237,0.033794184,0.033003078,0.292313781,0.051200259,0.041193032,3.040641862,97.65904905,80.45473225,1.600002441,1.600002441,0.699962769,0.033794184,0.033003078
238,238,0.033744889,0.032948482,0.293110188,0.051130595,0.041134959,3.050637498,97.63991827,80.45077214,1.600002441,1.600002441,0.699656372,0.033744889,0.032948482
239,239,0.033655683,0.032865885,0.293899986,0.050998925,0.041035258,3.060601166,97.65330008,80.46298512,1.600002441,1.600002441,0.699656372,0.033655683,0.032865885
240,240,0.033546357,0.032761932,0.294684411,0.050834802,0.040908895,3.070527073,97.66166896,80.47419037,1.600002441,1.600002441,0.699656372,0.033546357,0.032761932
241,241,0.033481067,0.032696614,0.295468864,0.050740879,0.040834387,3.080433564,97.65702393,80.47631089,1.600002441,1.600002441,0.69980957,0.033481067,0.032696614
242,242,0.033378458,0.032602001,0.296245321,0.050588769,0.040720427,3.090301907,97.67377816,80.49301712,1.600002441,1.600002441,0.69980957,0.033378458,0.032602001
243,243,0.033310407,0.032535336,0.297020392,0.050488755,0.040642747,3.100147915,97.67318842,80.49861128,1.600002441,1.600002441,0.699656372,0.033310407,0.032535336
244,244,0.033227758,0.032454062,0.297794087,0.050363978,0.040547486,3.109964407,97.67153863,80.50890282,1.600002441,1.600002441,0.699656372,0.033227758,0.032454062
245,245,0.033154445,0.032384737,0.298563795,0.050257033,0.040464669,3.119756771,97.67841761,80.515436,1.600002441,1.600002441,0.699656372,0.033154445,0.032384737
246,246,0.033042543,0.032363448,0.299242889,0.05008943,0.04043169,3.129414511,97.94478785,80.71900553,1.600002441,1.600002441,0.699656372,0.033042543,0.032363448
247,247,0.033005241,0.032338057,0.299910073,0.050035902,0.040403177,3.139047235,97.97855124,80.74837467,1.600002441,1.600002441,0.699962769,0.033005241,0.032338057
248,248,0.032949186,0.032284852,0.300574408,0.049949604,0.040336763,3.148660076,97.98376177,80.75492083,1.600002441,1.600002441,0.69980957,0.032949186,0.032284852
249,249,0.032934555,0.032268834,0.301240128,0.049929529,0.040322322,3.158267283,97.97865514,80.75846676,1.600002441,1.600002441,0.699503174,0.032934555,0.032268834
250,250,0.032885211,0.032222201,0.301903139,0.049855991,0.040266744,3.16785653,97.9838649,80.76610856,1.600002441,1.600002441,0.699656372,0.032885211,0.032222201
251,251,0.032886638,0.032223585,0.302566192,0.049862217,0.040271881,3.177446865,97.98382298,80.76632799,1.600002441,1.600002441,0.699656372,0.032886638,0.032223585
252,252,0.032841319,0.032183555,0.303223955,0.049794523,0.040222699,3.187018689,97.99714595,80.77735593,1.600002441,1.600002441,0.699656372,0.032841319,0.032183555
253,253,0.03279331,0.03213562,0.303881645,0.049721073,0.040164497,3.196575265,97.99443951,80.7796278,1.600002441,1.600002441,0.699656372,0.03279331,0.03213562
254,254,0.03275732,0.032099604,0.304539361,0.049668484,0.040120994,3.206122755,97.99215504,80.77756911,1.600002441,1.600002441,0.69980957,0.03275732,0.032099604
255,255,0.032706717,0.032052899,0.305193178,0.049593506,0.040067069,3.215649192,98.00096919,80.7909573,1.600002441,1.600002441,0.69980957,0.032706717,0.032052899
256,256,0.032684116,0.03202902,0.305848275,0.049561071,0.040038024,3.22517224,97.9956739,80.78522738,1.600002441,1.600002441,0.699656372,0.032684116,0.03202902
257,257,0.032649449,0.031998351,0.306499372,0.049511313,0.040000152,3.234683401,98.00579341,80.78992309,1.600002441,1.600002441,0.699962769,0.032649449,0.031998351
258,258,0.032620113,0.031973058,0.307146427,0.049467871,0.039970668,3.244180604,98.01639364,80.80127068,1.600002441,1.600002441,0.699503174,0.032620113,0.031973058
259,259,0.032586809,0.031939704,0.307793531,0.049417967,0.03992964,3.25366893,98.01421326,80.79984446,1.600002441,1.600002441,0.699503174,0.032586809,0.031939704
260,260,0.032524106,0.03190107,0.308416568,0.049322304,0.039869939,3.263121295,98.08438657,80.83551577,1.600002441,1.600002441,0.699349976,0.032524106,0.03190107
261,261,0.032546838,0.031894458,0.309068948,0.049358356,0.039872665,3.272606986,97.99556403,80.78199661,1.600002441,1.600002441,0.69980957,0.032546838,0.031894458
262,262,0.032516087,0.031870445,0.30971459,0.049314762,0.03984465,3.282077098,98.01439226,80.79659653,1.600002441,1.600002441,0.699962769,0.032516087,0.031870445
263,263,0.03245208,0.031811918,0.310354752,0.049216613,0.039770515,3.291523197,98.02736125,80.80709433,1.600002441,1.600002441,0.699656372,0.03245208,0.031811918
264,264,0.032421496,0.0317813,0.310994948,0.049175474,0.039729174,3.300969497,98.02539641,80.7906266,1.600002441,1.600002441,0.699962769,0.032421496,0.0317813
265,265,0.032392174,0.031753259,0.311633864,0.049132812,0.039695345,3.310406964,98.02756232,80.79192622,1.600002441,1.600002441,0.699656372,0.032392174,0.031753259
266,266,0.032336231,0.031701313,0.312268781,0.049046328,0.039629925,3.319823367,98.03651302,80.80100282,1.600002441,1.600002441,0.699503174,0.032336231,0.031701313
267,267,0.032322836,0.031682644,0.312908973,0.049028135,0.039609703,3.329241799,98.01938237,80.78974112,1.600002441,1.600002441,0.699962769,0.032322836,0.031682644
268,268,0.03227485,0.031642734,0.313541089,0.048956739,0.039561906,3.338636631,98.0414606,80.80992959,1.600002441,1.600002441,0.699656372,0.03227485,0.031642734
269,269,0.03222688,0.031596091,0.314171877,0.048883302,0.039503482,3.348016452,98.04266351,80.81181106,1.600002441,1.600002441,0.699503174,0.03222688,0.031596091
270,270,0.03221087,0.031578796,0.314803951,0.048861794,0.03948499,3.357393256,98.03770058,80.80953695,1.600002441,1.600002441,0.699962769,0.03221087,0.031578796
271,271,0.03217884,0.03154812,0.315434672,0.04881504,0.039447651,3.366760646,98.03995131,80.8104438,1.600002441,1.600002441,0.69980957,0.03217884,0.03154812
272,272,0.032149555,0.031518837,0.31606539,0.048772218,0.039414252,3.376118612,98.03817582,80.81291583,1.600002441,1.600002441,0.69980957,0.032149555,0.031518837
273,273,0.032105615,0.031476115,0.31669489,0.048706874,0.039362147,3.385463339,98.03928392,80.81435701,1.600002441,1.600002441,0.699503174,0.032105615,0.031476115
274,274,0.032080321,0.031452151,0.31732306,0.048669568,0.03933309,3.394799818,98.04188234,80.81659932,1.600002441,1.600002441,0.699503174,0.032080321,0.031452151
275,275,0.03203755,0.031410904,0.317949706,0.048604779,0.039283456,3.404121141,98.04402822,80.82220849,1.600002441,1.600002441,0.699962769,0.03203755,0.031410904
276,276,0.032021562,0.031396221,0.318575047,0.048581518,0.039266426,3.413436233,98.04712552,80.82585154,1.600002441,1.600002441,0.699503174,0.032021562,0.031396221
277,277,0.031998937,0.031376278,0.319197705,0.048548761,0.039243722,3.422741272,98.05412764,80.83362238,1.600002441,1.600002441,0.699503174,0.031998937,0.031376278
278,278,0.031970948,0.03134815,0.319820504,0.048507253,0.039208811,3.432039714,98.05198549,80.83082056,1.600002441,1.600002441,0.699656372,0.031970948,0.03134815
279,279,0.031920352,0.031300245,0.320440611,0.048430421,0.039148563,3.441321572,98.05733057,80.83465504,1.600002441,1.600002441,0.699656372,0.031920352,0.031300245
280,280,0.031896314,0.031276247,0.321060677,0.048395287,0.03911965,3.450597208,98.05599227,80.83359586,1.600002441,1.600002441,0.699656372,0.031896314,0.031276247
281,281,0.031858996,0.031240174,0.3216795,0.048339247,0.039078353,3.459858101,98.05762176,80.84187461,1.600002441,1.600002441,0.699962769,0.031858996,0.031240174
282,282,0.031825687,0.031210869,0.322294318,0.048290335,0.039041997,3.46910644,98.06817016,80.84846899,1.600002441,1.600002441,0.699503174,0.031825687,0.031210869
283,283,0.031792329,0.031176283,0.322910364,0.04823951,0.038999209,3.478346741,98.0622801,80.84495167,1.600002441,1.600002441,0.699656372,0.031792329,0.031176283
284,284,0.031771046,0.031156303,0.323525107,0.048208297,0.038976219,3.487578819,98.06508479,80.84960837,1.600002441,1.600002441,0.699503174,0.031771046,0.031156303
285,285,0.03176159,0.031146873,0.324139823,0.048195307,0.038967136,3.49680699,98.06459147,80.85255236,1.600002441,1.600002441,0.699656372,0.03176159,0.031146873
286,286,0.031723028,0.031109629,0.324753222,0.048137696,0.038922216,3.50602247,98.06639196,80.85600088,1.600002441,1.600002441,0.699656372,0.031723028,0.031109629
287,287,0.031688379,0.031076353,0.325365248,0.048084765,0.03888044,3.515226796,98.06861292,80.85812482,1.600002441,1.600002441,0.69980957,0.031688379,0.031076353
288,288,0.031658945,0.031048313,0.32597588,0.04804053,0.038847067,3.524420259,98.07121779,80.86311094,1.600002441,1.600002441,0.699962769,0.031658945,0.031048313
289,289,0.03162438,0.031014999,0.32658526,0.04798791,0.03880542,3.533602749,98.07306871,80.86499274,1.600002441,1.600002441,0.699656372,0.03162438,0.031014999
290,290,0.031585841,0.03097738,0.327193721,0.047932623,0.038761556,3.542773816,98.07362812,80.86675379,1.600002441,1.600002441,0.699349976,0.031585841,0.03097738
291,291,0.031566008,0.030973318,0.327786411,0.04790633,0.038754633,3.551925512,98.12237746,80.89668622,1.600002441,1.600002441,0.699503174,0.031566008,0.030973318
292,292,0.031579329,0.030982679,0.328383062,0.047926129,0.038769634,3.561082007,98.11062833,80.8945664,1.600002441,1.600002441,0.699656372,0.031579329,0.030982679
293,293,0.031547331,0.030941375,0.328989018,0.04787608,0.038718323,3.570239764,98.07921493,80.87195697,1.600002441,1.600002441,0.69980957,0.031547331,0.030941375
294,294,0.031532605,0.030926674,0.32959495,0.047855727,0.038702513,3.579392978,98.0783969,80.8733148,1.600002441,1.600002441,0.69980957,0.031532605,0.030926674
295,295,0.03150329,0.030897354,0.330200886,0.047811316,0.038667647,3.588536647,98.07659529,80.87551271,1.600002441,1.600002441,0.699503174,0.03150329,0.030897354
296,296,0.031488583,0.030882687,0.330806781,0.047790253,0.038652215,3.597674686,98.07582462,80.87886631,1.600002441,1.600002441,0.69980957,0.031488583,0.030882687
297,297,0.031467203,0.03086269,0.331411294,0.047759653,0.03862895,3.606805388,98.07891186,80.88197449,1.600002441,1.600002441,0.69980957,0.031467203,0.03086269
298,298,0.031420586,0.030818794,0.332013086,0.047688018,0.038572909,3.615920497,98.08471892,80.88595541,1.600002441,1.600002441,0.699962769,0.031420586,0.030818794
299,299,0.031419228,0.030816064,0.332616251,0.047688653,0.038573171,3.62503598,98.08027005,80.88542634,1.600002441,1.600002441,0.699962769,0.031419228,0.030816064
300,300,0.031371348,0.03077064,0.333216959,0.04761545,0.038517282,3.634134148,98.08516998,80.89240384,1.600002441,1.600002441,0.69980957,0.031371348,0.03077064
301,301,0.031311247,0.030712016,0.33381619,0.047522096,0.038439319,3.643216925,98.08621172,80.88725484,1.600002441,1.600002441,0.69980957,0.031311247,0.030712016
302,302,0.031271257,0.030673346,0.334414101,0.047461301,0.03839051,3.652287716,98.08798575,80.88802707,1.600002441,1.600002441,0.699656372,0.031271257,0.030673346
303,303,0.031267183,0.030666741,0.335014543,0.047455997,0.038385819,3.661357894,98.07964168,80.88718285,1.600002441,1.600002441,0.699503174,0.031267183,0.030666741
304,304,0.031260489,0.030660042,0.33561499,0.047448868,0.038381604,3.670425158,98.07921309,80.89045238,1.600002441,1.600002441,0.699656372,0.031260489,0.030660042
305,305,0.031215259,0.030618613,0.336211635,0.047380037,0.038329939,3.679475255,98.08860935,80.89892324,1.600002441,1.600002441,0.699656372,0.031215259,0.030618613
306,306,0.031179166,0.030585401,0.336805401,0.047322759,0.038287339,3.688510676,98.09563513,80.90681862,1.600002441,1.600002441,0.69980957,0.031179166,0.030585401
307,307,0.031168467,0.030568082,0.337405786,0.047305634,0.038270297,3.697546013,98.07374158,80.9000823,1.600002441,1.600002441,0.699503174,0.031168467,0.030568082
308,308,0.031137833,0.030541308,0.338002311,0.047261443,0.038239259,3.706568197,98.08424341,80.91005353,1.600002441,1.600002441,0.69980957,0.031137833,0.030541308
309,309,0.031117805,0.030521207,0.338598909,0.047230289,0.038216703,3.715581783,98.08277557,80.91566696,1.600002441,1.600002441,0.699962769,0.031117805,0.030521207
310,310,0.031053945,0.030465279,0.339187575,0.047133601,0.038143358,3.724572025,98.10437561,80.92604258,1.600002441,1.600002441,0.69980957,0.031053945,0.030465279
311,311,0.031075153,0.030478658,0.33978407,0.047166499,0.038165357,3.733573167,98.08047686,80.91624043,1.600002441,1.600002441,0.699503174,0.031075153,0.030478658
312,312,0.031033852,0.030441344,0.340376577,0.047103581,0.038118898,3.74255785,98.09077112,80.92568872,1.600002441,1.600002441,0.699349976,0.031033852,0.030441344
313,313,0.031001899,0.030409283,0.340969194,0.047055808,0.038081058,3.751532601,98.08845108,80.9274329,1.600002441,1.600002441,0.69980957,0.031001899,0.030409283
314,314,0.030980594,0.030389358,0.341560431,0.047024651,0.038056386,3.760500866,98.09158958,80.92858789,1.600002441,1.600002441,0.699656372,0.030980594,0.030389358
315,315,0.030965866,0.030374605,0.342151691,0.047004201,0.038040912,3.769464154,98.0906048,80.93087831,1.600002441,1.600002441,0.699656372,0.030965866,0.030374605
316,316,0.030944538,0.030353389,0.34274284,0.046970846,0.038015999,3.778419001,98.08964981,80.93530858,1.600002441,1.600002441,0.699656372,0.030944538,0.030353389
317,317,0.03091517,0.030325455,0.343332556,0.046926927,0.037982358,3.78736357,98.09247315,80.93936893,1.600002441,1.600002441,0.699962769,0.03091517,0.030325455
318,318,0.030899149,0.03031076,0.343920945,0.046904384,0.037966038,3.796301915,98.09577426,80.94347516,1.600002441,1.600002441,0.699503174,0.030899149,0.03031076
319,319,0.030881791,0.030293335,0.344509401,0.046878432,0.037947665,3.805232682,98.09448971,80.94909235,1.600002441,1.600002441,0.69980957,0.030881791,0.030293335
320,320,0.03081652,0.030229505,0.345096416,0.046777123,0.03786845,3.814141354,98.09512805,80.95506517,1.600002441,1.600002441,0.699962769,0.03081652,0.030229505
321,321,0.030819115,0.030233334,0.345682197,0.046783427,0.037875688,3.823049093,98.09929288,80.95962748,1.600002441,1.600002441,0.699503174,0.030819115,0.030233334
322,322,0.030808435,0.030220019,0.346270613,0.046766536,0.037860534,3.831955095,98.09008146,80.9564651,1.600002441,1.600002441,0.699962769,0.030808435,0.030220019
323,323,0.030783108,0.030197296,0.346856425,0.046728596,0.037834282,3.840849408,98.0969696,80.96601544,1.600002441,1.600002441,0.69980957,0.030783108,0.030197296
324,324,0.030781611,0.030194707,0.347443329,0.046726393,0.037833704,3.849742097,98.093329,80.96859592,1.600002441,1.600002441,0.699503174,0.030781611,0.030194707
325,325,0.030748361,0.030162778,0.348028912,0.046676018,0.037794944,3.85862317,98.09556375,80.97294093,1.600002441,1.600002441,0.699503174,0.030748361,0.030162778
326,326,0.030716343,0.030130783,0.348614472,0.046627235,0.037755615,3.867494791,98.09365378,80.97330863,1.600002441,1.600002441,0.699656372,0.030716343,0.030130783
327,327,0.03068172,0.030098724,0.349197468,0.046574583,0.037716008,3.876353365,98.09985787,80.97980844,1.600002441,1.600002441,0.699656372,0.03068172,0.030098724
328,328,0.030660433,0.030078421,0.34977948,0.046543484,0.037694538,3.885202312,98.10174853,80.98778733,1.600002441,1.600002441,0.699503174,0.030660433,0.030078421
329,329,0.030656482,0.030071933,0.35036403,0.046539606,0.037690038,3.89405188,98.09322767,80.98486691,1.600002441,1.600002441,0.699349976,0.030656482,0.030071933
330,330,0.030615251,0.030031869,0.350947412,0.046477233,0.037640731,3.902888381,98.09447195,80.9874617,1.600002441,1.600002441,0.699962769,0.030615251,0.030031869
331,331,0.030611165,0.030029267,0.35152931,0.046471383,0.03763987,3.911719894,98.09906645,80.9958035,1.600002441,1.600002441,0.699503174,0.030611165,0.030029267
332,332,0.030565881,0.029983985,0.352111205,0.04640296,0.037583903,3.920538952,98.09625808,80.9946231,1.600002441,1.600002441,0.69980957,0.030565881,0.029983985
333,333,0.030547197,0.029966675,0.352691727,0.046377369,0.037563357,3.929352963,98.09959148,80.99501556,1.600002441,1.600002441,0.699656372,0.030547197,0.029966675
334,334,0.030489882,0.029910756,0.353270853,0.046289072,0.037492768,3.938149267,98.10059398,80.99701895,1.600002441,1.600002441,0.699962769,0.030489882,0.029910756
335,335,0.030472566,0.029896015,0.353847405,0.04626574,0.037475677,3.94693933,98.10796505,81.00092353,1.600002441,1.600002441,0.699349976,0.030472566,0.029896015
336,336,0.030460469,0.029881413,0.354426461,0.046247789,0.037459428,3.955727691,98.09899237,80.99723056,1.600002441,1.600002441,0.699503174,0.030460469,0.029881413
337,337,0.030420544,0.029845346,0.355001659,0.046187598,0.037415096,3.964500193,98.10918008,81.00680177,1.600002441,1.600002441,0.699656372,0.030420544,0.029845346
338,338,0.030404441,0.029825321,0.355580779,0.046162919,0.037391837,3.973271275,98.09527827,80.99972397,1.600002441,1.600002441,0.699656372,0.030404441,0.029825321
339,339,0.030349961,0.029774801,0.356155938,0.046081292,0.037329218,3.982023349,98.10490834,81.00731608,1.600002441,1.600002441,0.699503174,0.030349961,0.029774801
340,340,0.030280626,0.02970687,0.356729694,0.045972956,0.037241732,3.990754573,98.10520329,81.00791244,1.600002441,1.600002441,0.69980957,0.030280626,0.02970687
341,341,0.030297973,0.029722781,0.357304886,0.046005315,0.037266258,3.999493631,98.10155099,81.0042441,1.600002441,1.600002441,0.699962769,0.030297973,0.029722781
342,342,0.030271307,0.029697511,0.357878682,0.045965943,0.037235132,4.008224442,98.10448997,81.00591271,1.600002441,1.600002441,0.699503174,0.030271307,0.029697511
343,343,0.030235272,0.029661574,0.358452379,0.045911633,0.037191798,4.016944276,98.1025546,81.00735279,1.600002441,1.600002441,0.699962769,0.030235272,0.029661574
344,344,0.030200635,0.029628134,0.35902488,0.045861188,0.037146728,4.025658736,98.10434319,80.9981808,1.60015564,1.60015564,0.69980957,0.030200635,0.029628134
345,345,0.030188595,0.029618917,0.359594558,0.045846367,0.037134908,4.034370196,98.11293654,80.9985832,1.600002441,1.600002441,0.699503174,0.030188595,0.029618917
346,346,0.030131297,0.029561703,0.360164152,0.045759386,0.037063224,4.043066358,98.10962726,80.99589409,1.600002441,1.600002441,0.699503174,0.030131297,0.029561703
347,347,0.030091292,0.029521675,0.360733768,0.045699201,0.037013502,4.051752058,98.10703795,80.99376046,1.600002441,1.600002441,0.699962769,0.030091292,0.029521675
348,348,0.03006865,0.029500287,0.361302132,0.045666573,0.036988431,4.0604302,98.10978136,80.99672959,1.600002441,1.600002441,0.699656372,0.03006865,0.029500287
349,349,0.030024744,0.029460297,0.361866579,0.045602085,0.036937943,4.069094342,98.12005863,81.00055738,1.600002441,1.600002441,0.699962769,0.030024744,0.029460297
350,350,0.02996471,0.029401524,0.362429764,0.045509227,0.036864673,4.077738896,98.12050513,81.00483237,1.600002441,1.600002441,0.699656372,0.02996471,0.029401524
351,351,0.02996728,0.02940154,0.362995505,0.045515686,0.03686728,4.086387302,98.11213923,80.999065,1.600002441,1.600002441,0.69980957,0.02996728,0.02940154
352,352,0.029955354,0.029390912,0.363559947,0.045499152,0.036855836,4.095030618,98.11572284,81.00334614,1.60015564,1.60015564,0.699656372,0.029955354,0.029390912
353,353,0.029931267,0.029368265,0.364122949,0.045461452,0.03682819,4.10366388,98.11901701,81.00970915,1.600002441,1.600002441,0.699962769,0.029931267,0.029368265
354,354,0.02989662,0.029336275,0.364683295,0.045411183,0.036788634,4.112286429,98.12572195,81.01227863,1.600002441,1.600002441,0.699503174,0.02989662,0.029336275
355,355,0.029885877,0.029322996,0.365246176,0.045395645,0.036774421,4.120907654,98.1165638,81.00869625,1.600002441,1.600002441,0.699503174,0.029885877,0.029322996
356,356,0.02984062,0.029280428,0.365806368,0.045327026,0.036720908,4.129513772,98.12272065,81.0132738,1.600002441,1.600002441,0.699503174,0.02984062,0.029280428
357,357,0.029791319,0.029232383,0.366365304,0.045252331,0.036661555,4.138104548,98.12383028,81.01583884,1.600002441,1.600002441,0.69980957,0.029791319,0.029232383
358,358,0.029792553,0.029233766,0.366924091,0.045255287,0.036666289,4.146693546,98.1244066,81.02100679,1.600002441,1.600002441,0.699656372,0.029792553,0.029233766
359,359,0.029729956,0.029180457,0.367473589,0.045160034,0.036595805,4.155257775,98.1517001,81.03582208,1.600002441,1.600002441,0.69980957,0.029729956,0.029180457
360,360,0.029744552,0.029183024,0.368035117,0.045184246,0.036607414,4.163834607,98.11216735,81.0180928,1.600002441,1.600002441,0.699503174,0.029744552,0.029183024
361,361,0.029701902,0.029144577,0.368592442,0.04511944,0.036559968,4.172394078,98.12360528,81.0293043,1.600002441,1.600002441,0.69980957,0.029701902,0.029144577
362,362,0.029667325,0.029113793,0.369145973,0.045068134,0.036520195,4.180942017,98.13420414,81.03329756,1.600002441,1.600002441,0.699503174,0.029667325,0.029113793
363,363,0.029644647,0.029089855,0.369700766,0.045035545,0.036492851,4.189484711,98.12852506,81.03121849,1.600002441,1.600002441,0.69980957,0.029644647,0.029089855
364,364,0.029591339,0.029040555,0.370251549,0.044954142,0.036430789,4.198008064,98.13869926,81.03989422,1.600002441,1.600002441,0.699656372,0.029591339,0.029040555
365,365,0.029563375,0.029011293,0.370803631,0.044912748,0.036394716,4.206526097,98.13255028,81.03426544,1.600002441,1.600002441,0.699656372,0.029563375,0.029011293
366,366,0.029528697,0.028983316,0.371349011,0.044862146,0.036357636,4.215030606,98.15304855,81.04301686,1.600002441,1.600002441,0.699656372,0.029528697,0.028983316
367,367,0.029510054,0.028955357,0.371903708,0.044835007,0.036327677,4.223537936,98.12031346,81.02525129,1.600002441,1.600002441,0.699962769,0.029510054,0.028955357
368,368,0.029478047,0.028928693,0.372453062,0.044787979,0.036296633,4.232029283,98.13639388,81.04101405,1.600002441,1.600002441,0.699962769,0.029478047,0.028928693
369,369,0.029430161,0.02888333,0.372999893,0.044716628,0.036238952,4.240506959,98.14193822,81.04133412,1.600002441,1.600002441,0.699656372,0.029430161,0.02888333
370,370,0.02939553,0.028849884,0.373545539,0.044666389,0.036198567,4.24897478,98.14377994,81.04207247,1.600002441,1.600002441,0.699503174,0.02939553,0.028849884
371,371,0.029347563,0.028802059,0.374091043,0.044592739,0.036138407,4.257429112,98.1412287,81.04101268,1.600002441,1.600002441,0.699962769,0.029347563,0.028802059
372,372,0.029322196,0.028779341,0.374633898,0.044557323,0.036110599,4.265875837,98.14865468,81.04301668,1.600002441,1.600002441,0.699503174,0.029322196,0.028779341
373,373,0.029280901,0.028738125,0.375176674,0.044493672,0.036059682,4.274309826,98.14631308,81.04451883,1.600002441,1.600002441,0.69980957,0.029280901,0.028738125
374,374,0.029246261,0.028704834,0.375718102,0.044442625,0.03601925,4.282733202,98.14872818,81.04662942,1.600002441,1.600002441,0.69980957,0.029246261,0.028704834
375,375,0.029214216,0.028674206,0.376258112,0.044396884,0.035980036,4.29115005,98.15155088,81.04180326,1.600002441,1.600002441,0.699656372,0.029214216,0.028674206
376,376,0.029191539,0.028654169,0.376795482,0.044361905,0.035961083,4.299550872,98.15915777,81.06298209,1.600002441,1.600002441,0.699656372,0.029191539,0.028654169
377,377,0.029176917,0.028635541,0.377336858,0.04434052,0.035935001,4.307956391,98.14450666,81.04325575,1.600002441,1.600002441,0.699962769,0.029176917,0.028635541
378,378,0.029128834,0.028592851,0.377872841,0.044268829,0.035882639,4.316342581,98.15995666,81.05621891,1.600002441,1.600002441,0.699962769,0.029128834,0.028592851
379,379,0.029100899,0.028564719,0.378409021,0.044227707,0.035849832,4.324720456,98.15751407,81.05740676,1.600002441,1.600002441,0.699962769,0.029100899,0.028564719
380,380,0.029087693,0.028552894,0.37894382,0.044209968,0.035837296,4.333093128,98.16142544,81.06157378,1.600002441,1.600002441,0.699503174,0.029087693,0.028552894
381,381,0.029059655,0.028523606,0.379479869,0.044168691,0.035800815,4.341461004,98.15534956,81.05473358,1.600002441,1.600002441,0.699656372,0.029059655,0.028523606
382,382,0.0289984,0.028467582,0.380010687,0.04407663,0.035728941,4.349808693,98.16949207,81.06096478,1.600002441,1.600002441,0.69980957,0.0289984,0.028467582
383,383,0.02896366,0.028433031,0.380541316,0.044022872,0.035685248,4.358146317,98.16794999,81.06069893,1.600002441,1.600002441,0.699656372,0.02896366,0.028433031
384,384,0.028933096,0.028401044,0.381073367,0.043979621,0.035648261,4.366477677,98.16109647,81.05631753,1.600002441,1.600002441,0.69980957,0.028933096,0.028401044
385,385,0.028905064,0.028374402,0.381604029,0.043937064,0.035615515,4.374799226,98.16412269,81.06029698,1.600002441,1.600002441,0.699503174,0.028905064,0.028374402
386,386,0.02885445,0.028329043,0.382129436,0.043861182,0.035558215,4.383102194,98.17911296,81.06989597,1.600002441,1.600002441,0.699349976,0.02885445,0.028329043
387,387,0.028835754,0.028307788,0.382657402,0.043832609,0.03553432,4.391400483,98.16905803,81.06822764,1.600002441,1.600002441,0.699962769,0.028835754,0.028307788
388,388,0.02881579,0.028290529,0.383182663,0.043805045,0.03551375,4.399691778,98.17717655,81.07228295,1.600002441,1.600002441,0.699503174,0.02881579,0.028290529
389,389,0.028794406,0.028267856,0.383709213,0.04377232,0.035487978,4.407976121,98.17134671,81.07401614,1.600002441,1.600002441,0.69980957,0.028794406,0.028267856
390,390,0.02876119,0.028237164,0.384233239,0.043723295,0.035451806,4.41624761,98.1780095,81.0821917,1.600002441,1.600002441,0.699503174,0.02876119,0.028237164
391,391,0.028698611,0.028177136,0.384754714,0.043629136,0.035374838,4.424501907,98.18292463,81.08076717,1.600002441,1.600002441,0.699656372,0.028698611,0.028177136
392,392,0.028679904,0.028155888,0.38527873,0.043602198,0.035348831,4.432755275,98.17288165,81.07121262,1.600002441,1.600002441,0.699656372,0.028679904,0.028155888
393,393,0.028650568,0.028129154,0.385800143,0.043560044,0.035316119,4.4409992,98.18009371,81.07457062,1.600002441,1.600002441,0.69980957,0.028650568,0.028129154
394,394,0.02861324,0.02809322,0.386320163,0.043503918,0.035270123,4.449232995,98.1825911,81.07344005,1.600002441,1.600002441,0.699349976,0.02861324,0.02809322
395,395,0.02858524,0.028066651,0.386838752,0.043463922,0.035238355,4.457458562,98.18581618,81.07495583,1.600002441,1.600002441,0.69980957,0.02858524,0.028066651
396,396,0.028544001,0.028025206,0.387357547,0.043402277,0.035187611,4.465673228,98.18247263,81.07318983,1.600002441,1.600002441,0.699962769,0.028544001,0.028025206
397,397,0.028501344,0.027984015,0.387874875,0.043338022,0.035133824,4.473877426,98.18489918,81.06928352,1.600002441,1.600002441,0.699656372,0.028501344,0.027984015
398,398,0.028456104,0.02794139,0.388389589,0.043270801,0.035079902,4.482068326,98.1911989,81.07060808,1.600002441,1.600002441,0.699349976,0.028456104,0.02794139
399,399,0.02841207,0.027897462,0.388904197,0.043204731,0.035025649,4.490247408,98.1887708,81.06901327,1.600002441,1.600002441,0.699962769,0.02841207,0.027897462
400,400,0.028384022,0.027870836,0.389417383,0.043163386,0.034993365,4.49841743,98.19198913,81.07187065,1.600002441,1.600002441,0.699962769,0.028384022,0.027870836
401,401,0.028329463,0.027818871,0.389927976,0.04308241,0.034928146,4.506571693,98.19766215,81.07287025,1.600002441,1.600002441,0.69980957,0.028329463,0.027818871
402,402,0.028298726,0.027788175,0.390438527,0.043037636,0.034890704,4.514718624,98.19585115,81.07021639,1.600002441,1.600002441,0.699656372,0.028298726,0.027788175
403,403,0.028304153,0.027792212,0.390950467,0.043050839,0.034899523,4.52286994,98.19128966,81.0658376,1.600002441,1.600002441,0.69980957,0.028304153,0.027792212
404,404,0.028209489,0.027704166,0.39145579,0.042904758,0.034782191,4.530992507,98.20867742,81.0683776,1.600002441,1.600002441,0.699503174,0.028209489,0.027704166
405,405,0.02821351,0.027704203,0.391965097,0.042913447,0.034785571,4.539120383,98.19481295,81.0598396,1.600002441,1.600002441,0.699349976,0.02821351,0.027704203
406,406,0.028173556,0.027667019,0.392471634,0.042855079,0.034740423,4.547235039,98.20208319,81.06489085,1.600002441,1.600002441,0.699503174,0.028173556,0.027667019
407,407,0.02809227,0.02758838,0.392975524,0.042729853,0.034639644,4.555325248,98.20630303,81.06661143,1.600002441,1.600002441,0.699656372,0.02809227,0.02758838
408,408,0.02807353,0.027569797,0.393479258,0.042704577,0.034618824,4.563411001,98.20566318,81.06584017,1.600002441,1.600002441,0.69980957,0.02807353,0.027569797
409,409,0.028025517,0.027524483,0.393980291,0.042630241,0.034561359,4.571479882,98.21222474,81.07240018,1.600002441,1.600002441,0.69980957,0.028025517,0.027524483
410,410,0.028006858,0.027504507,0.394482642,0.042604809,0.034538896,4.579545796,98.20632831,81.06806758,1.600002441,1.600002441,0.699962769,0.028006858,0.027504507
411,411,0.027964241,0.027467102,0.394979781,0.042541138,0.034492237,4.587594697,98.22223261,81.07972411,1.600002441,1.600002441,0.699962769,0.027964241,0.027467102
412,412,0.02797089,0.027469789,0.395480882,0.042552495,0.034499963,4.595647228,98.20849119,81.07624106,1.600002441,1.600002441,0.699656372,0.02797089,0.027469789
413,413,0.027906995,0.027409732,0.395978145,0.042456996,0.034423033,4.603681191,98.21814124,81.07741051,1.600002441,1.600002441,0.699656372,0.027906995,0.027409732
414,414,0.027847086,0.027351113,0.396474118,0.042365639,0.034349747,4.611697083,98.21894211,81.0792607,1.600002441,1.600002441,0.699656372,0.027847086,0.027351113
415,415,0.027855012,0.027356505,0.396972626,0.042379831,0.034358445,4.61971847,98.21034786,81.07263193,1.600002441,1.600002441,0.699503174,0.027855012,0.027356505
416,416,0.027817619,0.027321841,0.397468403,0.042322809,0.034316124,4.627725155,98.21775792,81.08186748,1.600002441,1.600002441,0.699962769,0.027817619,0.027321841
417,417,0.027812281,0.027313945,0.397966739,0.042317513,0.034309324,4.635733344,98.20821594,81.07594483,1.600002441,1.600002441,0.699656372,0.027812281,0.027313945
418,418,0.027728325,0.027235252,0.398459812,0.042188205,0.034207943,4.643713607,98.22177367,81.08413845,1.600002441,1.600002441,0.699962769,0.027728325,0.027235252
419,419,0.027711056,0.027216698,0.398954169,0.042165588,0.034187046,4.651692148,98.21602815,81.07807356,1.600002441,1.600002441,0.699962769,0.027711056,0.027216698
420,420,0.027673676,0.027182032,0.399445813,0.042108963,0.034143801,4.65965731,98.22342349,81.08440224,1.600002441,1.600002441,0.699503174,0.027673676,0.027182032
421,421,0.027633665,0.02714344,0.399936038,0.04204794,0.034095513,4.667609737,98.22598714,81.08723738,1.600002441,1.600002441,0.699656372,0.027633665,0.02714344
422,422,0.027587096,0.027096842,0.400426292,0.041977681,0.034036981,4.675550438,98.22288682,81.08351836,1.600002441,1.600002441,0.699503174,0.027587096,0.027096842
423,423,0.027548426,0.027058246,0.400916472,0.041920042,0.03398992,4.683480559,98.22066003,81.08274376,1.600002441,1.600002441,0.69980957,0.027548426,0.027058246
424,424,0.027499092,0.027012882,0.401402681,0.041846805,0.033933695,4.691393669,98.23190727,81.09028964,1.600002441,1.600002441,0.699503174,0.027499092,0.027012882
425,425,0.027479157,0.026992843,0.401888996,0.041818635,0.033909876,4.699302428,98.23024075,81.08795551,1.600002441,1.600002441,0.699962769,0.027479157,0.026992843
426,426,0.027469798,0.026984834,0.402373961,0.041807333,0.033902344,4.707207417,98.23455352,81.09185906,1.600002441,1.600002441,0.699503174,0.027469798,0.026984834
427,427,0.027404557,0.02692093,0.402857588,0.04170618,0.033821238,4.71509236,98.23523259,81.09406674,1.600002441,1.600002441,0.69980957,0.027404557,0.02692093
428,428,0.027384542,0.026902306,0.403339824,0.041677318,0.033798883,4.722970795,98.23902002,81.09658803,1.600002441,1.600002441,0.699656372,0.027384542,0.026902306
429,429,0.027339201,0.026856951,0.403822074,0.041608602,0.033741941,4.730837456,98.2360473,81.09366646,1.600002441,1.600002441,0.699503174,0.027339201,0.026856951
430,430,0.027329862,0.026847588,0.404304349,0.041598212,0.033731565,4.738704103,98.23535629,81.08897782,1.600002441,1.600002441,0.699503174,0.027329862,0.026847588
431,431,0.027305857,0.026827602,0.404782604,0.041562859,0.033708232,4.74655873,98.24852547,81.10181183,1.600002441,1.600002441,0.699503174,0.027305857,0.026827602
432,432,0.02724994,0.026769045,0.405263498,0.041479062,0.033635399,4.754402394,98.23524714,81.09006611,1.600002441,1.600002441,0.699962769,0.02724994,0.026769045
433,433,0.027197908,0.026722378,0.405739028,0.041400858,0.033574029,4.762229222,98.25159548,81.09500928,1.600002441,1.600002441,0.699656372,0.027197908,0.026722378
434,434,0.027153891,0.026677069,0.406215849,0.041333166,0.033517992,4.770044396,98.24400231,81.0922451,1.600002441,1.600002441,0.699962769,0.027153891,0.026677069
435,435,0.02713925,0.026663663,0.406691436,0.041313628,0.033503522,4.777854502,98.24760592,81.09556968,1.600002441,1.600002441,0.699503174,0.02713925,0.026663663
436,436,0.027098018,0.026622409,0.407167045,0.041251665,0.033452199,4.785653968,98.24485719,81.09296694,1.600002441,1.600002441,0.699962769,0.027098018,0.026622409
437,437,0.02707534,0.02660246,0.407639925,0.041218398,0.033428771,4.793443595,98.25346565,81.10157721,1.600002441,1.600002441,0.699349976,0.02707534,0.02660246
438,438,0.027060663,0.026585091,0.408115497,0.041198084,0.033409625,4.801232054,98.24256954,81.09509409,1.600002441,1.600002441,0.69980957,0.027060663,0.026585091
439,439,0.027012758,0.026541158,0.408587097,0.041125329,0.033353586,4.809003796,98.25415928,81.10229713,1.600002441,1.600002441,0.69980957,0.027012758,0.026541158
440,440,0.026992681,0.026522561,0.409057217,0.041096042,0.033333853,4.816765985,98.25834359,81.11207646,1.600002441,1.600002441,0.699503174,0.026992681,0.026522561
441,441,0.026983334,0.026511836,0.409528715,0.041085825,0.033322398,4.824529412,98.25263112,81.10436689,1.600002441,1.600002441,0.699349976,0.026983334,0.026511836
442,442,0.026887399,0.026421191,0.409994923,0.040936358,0.033204863,4.832260907,98.26607469,81.11337902,1.600002441,1.600002441,0.699503174,0.026887399,0.026421191
443,443,0.026891414,0.026421308,0.410465028,0.040945231,0.033209358,4.83999678,98.25183921,81.10677861,1.600002441,1.600002441,0.699656372,0.026891414,0.026421308
444,444,0.026820715,0.026354665,0.410931078,0.040836362,0.033122839,4.847710303,98.26234975,81.11114074,1.600002441,1.600002441,0.69980957,0.026820715,0.026354665
445,445,0.026811446,0.026345358,0.411397165,0.040825675,0.033113173,4.855422805,98.26161099,81.10869571,1.600002441,1.600002441,0.69980957,0.026811446,0.026345358
446,446,0.026760734,0.026297377,0.411860522,0.040748231,0.033053067,4.863117969,98.26851986,81.11534157,1.600002441,1.600002441,0.699503174,0.026760734,0.026297377
447,447,0.026760738,0.026295943,0.412325316,0.04075163,0.033054777,4.870814822,98.26314811,81.11277307,1.600002441,1.600002441,0.699503174,0.026760738,0.026295943
448,448,0.026671541,0.026210639,0.412786218,0.040614998,0.03294591,4.87848391,98.27193338,81.11759634,1.600002441,1.600002441,0.699962769,0.026671541,0.026210639
449,449,0.026652862,0.026192016,0.413247064,0.040588454,0.032924117,4.886148247,98.27093315,81.11695286,1.600002441,1.600002441,0.69980957,0.026652862,0.026192016
450,450,0.026640828,0.026180046,0.413707846,0.040571262,0.032910406,4.893809104,98.27039099,81.1175293,1.600002441,1.600002441,0.699349976,0.026640828,0.026180046
451,451,0.026618214,0.026157452,0.414168609,0.040539368,0.032883678,4.901464794,98.26899563,81.11541884,1.600002441,1.600002441,0.699503174,0.026618214,0.026157452
452,452,0.026554167,0.026097555,0.414625222,0.040440505,0.032808392,4.909096907,98.28044789,81.12755074,1.600002441,1.600002441,0.699503174,0.026554167,0.026097555
453,453,0.026539552,0.026080148,0.415084626,0.040421073,0.032788936,4.916729044,98.26898239,81.11842056,1.600002441,1.600002441,0.699962769,0.026539552,0.026080148
454,454,0.026516972,0.026061436,0.415540162,0.040388521,0.03276599,4.924351576,98.28209589,81.12698613,1.600002441,1.600002441,0.699349976,0.026516972,0.026061436
455,455,0.026484921,0.026028145,0.415996938,0.04033984,0.032726107,4.931965309,98.27533661,81.12601965,1.600002441,1.600002441,0.69980957,0.026484921,0.026028145
456,456,0.026423639,0.025969557,0.41645102,0.040245904,0.032649538,4.939561675,98.28153065,81.12512084,1.600002441,1.600002441,0.699503174,0.026423639,0.025969557
457,457,0.026387629,0.025934855,0.416903794,0.040192615,0.032607113,4.947147177,98.28414396,81.12712514,1.600002441,1.600002441,0.699656372,0.026387629,0.025934855
458,458,0.026375697,0.025921447,0.417358044,0.040176163,0.032594957,4.954728383,98.27777074,81.13008998,1.600002441,1.600002441,0.699503174,0.026375697,0.025921447
459,459,0.026323728,0.025872126,0.417809646,0.040098964,0.032532,4.962295347,98.2844299,81.12927751,1.600002441,1.600002441,0.699503174,0.026323728,0.025872126
460,460,0.026267792,0.025817462,0.418259976,0.040012987,0.032461934,4.9698464,98.2856191,81.12849431,1.600002441,1.600002441,0.699962769,0.026267792,0.025817462
461,461,0.026270479,0.025818907,0.418711549,0.04002102,0.032467674,4.977399745,98.28106344,81.12655399,1.600002441,1.600002441,0.699962769,0.026270479,0.025818907
462,462,0.02623184,0.025782937,0.419160452,0.039962867,0.032422327,4.984940285,98.28870928,81.13113435,1.600002441,1.600002441,0.699656372,0.02623184,0.025782937
463,463,0.026218505,0.025768257,0.4196107,0.039944156,0.032406272,4.992478169,98.28270932,81.12894363,1.600002441,1.600002441,0.699962769,0.026218505,0.025768257
464,464,0.026141223,0.02569492,0.420057002,0.039825824,0.032311564,4.99999243,98.29272462,81.13219117,1.600002441,1.600002441,0.699962769,0.026141223,0.02569492
465,465,0.026110557,0.025665715,0.420501843,0.039780867,0.032275923,5.007497373,98.296317,81.1342893,1.600002441,1.600002441,0.69980957,0.026110557,0.025665715
466,466,0.026077275,0.025636389,0.42094273,0.03973083,0.032238293,5.01498991,98.30930838,81.14175588,1.600002441,1.600002441,0.699656372,0.026077275,0.025636389
467,467,0.026054585,0.025607042,0.421390272,0.039697385,0.032204458,5.022482836,98.28228922,81.12488653,1.600002441,1.600002441,0.69980957,0.026054585,0.025607042
468,468,0.026026591,0.025584358,0.421832505,0.039656327,0.032176465,5.029962698,98.30084088,81.13828826,1.600002441,1.600002441,0.699503174,0.026026591,0.025584358
469,469,0.025983873,0.025541774,0.422274603,0.039591,0.032125199,5.037428499,98.29856684,81.14268227,1.600002441,1.600002441,0.699656372,0.025983873,0.025541774
470,470,0.025959911,0.025517691,0.422716823,0.039556526,0.032097554,5.044887471,98.29652871,81.14351193,1.600002441,1.600002441,0.699962769,0.025959911,0.025517691
471,471,0.025918587,0.025479063,0.423156347,0.039493357,0.032048404,5.052332424,98.30421167,81.14884708,1.600002441,1.600002441,0.699656372,0.025918587,0.025479063
472,472,0.025901263,0.025460434,0.423597177,0.039468721,0.032026997,5.059774147,98.29804027,81.14526256,1.600002441,1.600002441,0.699349976,0.025901263,0.025460434
473,473,0.025887904,0.025447072,0.424038008,0.039450336,0.032012374,5.067212109,98.29715296,81.14601112,1.600002441,1.600002441,0.69980957,0.025887904,0.025447072
474,474,0.025835977,0.025397835,0.42447615,0.039371408,0.03194996,5.074633557,98.3041392,81.15015802,1.600002441,1.600002441,0.699962769,0.025835977,0.025397835
475,475,0.025810597,0.025373861,0.424912886,0.03933383,0.031920287,5.082047101,98.30791945,81.15224631,1.600002441,1.600002441,0.699349976,0.025810597,0.025373861
476,476,0.02578,0.025343119,0.425349767,0.03928834,0.031883217,5.089452224,98.30534876,81.15185563,1.600002441,1.600002441,0.69980957,0.02578,0.025343119
477,477,0.025741341,0.025307159,0.42578395,0.039230612,0.031839112,5.096843724,98.31328627,81.15884677,1.600002441,1.600002441,0.699962769,0.025741341,0.025307159
478,478,0.025694618,0.025260501,0.426218067,0.039158773,0.031779199,5.104223297,98.31047387,81.15473744,1.600002441,1.600002441,0.699656372,0.025694618,0.025260501
479,479,0.02567197,0.025237902,0.426652135,0.03912496,0.031751806,5.111596451,98.30917668,81.15485811,1.600002441,1.600002441,0.699656372,0.02567197,0.025237902
480,480,0.025655934,0.025221955,0.427086114,0.039103137,0.031733221,5.118966367,98.30846429,81.15262326,1.600002441,1.600002441,0.699349976,0.025655934,0.025221955
481,481,0.025595975,0.02516458,0.427517509,0.039011153,0.031661157,5.126316363,98.31460007,81.15924459,1.600002441,1.600002441,0.699503174,0.025595975,0.02516458
482,482,0.025575959,0.025143278,0.427950189,0.038981131,0.031636942,5.133660551,98.30825316,81.15963289,1.600002441,1.600002441,0.699503174,0.025575959,0.025143278
483,483,0.025564014,0.025132573,0.42838163,0.038966377,0.031626778,5.141000149,98.3123123,81.16427798,1.600002441,1.600002441,0.699962769,0.025564014,0.025132573
484,484,0.025504034,0.025076621,0.428809043,0.03887328,0.031554833,5.148318597,98.32413462,81.1735783,1.600002441,1.600002441,0.69980957,0.025504034,0.025076621
485,485,0.025484007,0.025053967,0.429239082,0.038844255,0.03152733,5.155635521,98.3125138,81.16343277,1.600002441,1.600002441,0.699962769,0.025484007,0.025053967
486,486,0.025456044,0.025028608,0.429666518,0.038803436,0.031495292,5.162943665,98.32088593,81.16624555,1.600002441,1.600002441,0.699503174,0.025456044,0.025028608
487,487,0.025410648,0.02498468,0.430092486,0.038733832,0.03144032,5.170237176,98.32366508,81.17017849,1.600002441,1.600002441,0.699503174,0.025410648,0.02498468
488,488,0.025392022,0.024964695,0.430519813,0.038706538,0.031417692,5.177526023,98.31707968,81.16895307,1.600002441,1.600002441,0.699962769,0.025392022,0.024964695
489,489,0.025364009,0.024939324,0.430944498,0.038664533,0.031386576,5.184803979,98.3256403,81.17665907,1.600002441,1.600002441,0.699503174,0.025364009,0.024939324
490,490,0.025340066,0.024913968,0.431370596,0.038629447,0.031356367,5.19207706,98.31848165,81.17218631,1.600002441,1.600002441,0.699962769,0.025340066,0.024913968
491,491,0.025293365,0.024871365,0.431792596,0.03855717,0.031302667,5.199331563,98.3315791,81.185074,1.600002441,1.600002441,0.699349976,0.025293365,0.024871365
492,492,0.02527598,0.024851418,0.432217158,0.038531258,0.031279093,5.206583728,98.32029546,81.17848896,1.600002441,1.600002441,0.69980957,0.02527598,0.024851418
493,493,0.025261388,0.024838032,0.432640514,0.038511095,0.03126429,5.213830533,98.32409769,81.18255306,1.600002441,1.600002441,0.69980957,0.025261388,0.024838032
494,494,0.025217356,0.024802073,0.433055796,0.038443998,0.031217684,5.221056846,98.35318824,81.20301239,1.600002441,1.600002441,0.699656372,0.025217356,0.024802073
495,495,0.02519736,0.024774029,0.433479127,0.038413791,0.031186823,5.228283815,98.31994,81.18652631,1.600002441,1.600002441,0.69980957,0.02519736,0.024774029
496,496,0.025169408,0.024748763,0.433899773,0.038371471,0.031155157,5.235500129,98.32874211,81.19354354,1.600002441,1.600002441,0.699962769,0.025169408,0.024748763
497,497,0.025166712,0.024746127,0.434320358,0.038369175,0.031154656,5.242714648,98.32880494,81.19709547,1.60015564,1.60015564,0.69980957,0.025166712,0.024746127
498,498,0.02514134,0.024720766,0.434740931,0.038330731,0.031123245,5.249922134,98.32716242,81.19658524,1.600002441,1.600002441,0.699656372,0.02514134,0.024720766
499,499,0.025086707,0.02466746,0.435160179,0.038246993,0.031056304,5.257112824,98.32880628,81.19933418,1.600002441,1.600002441,0.699349976,0.025086707,0.02466746
500,500,0.025058727,0.024639434,0.435579472,0.038207178,0.031021258,5.264298744,98.32675913,81.19222502,1.600002441,1.600002441,0.699962769,0.025058727,0.024639434
501,501,0.025032109,0.024614041,0.435997539,0.03816755,0.030989969,5.271476325,98.32987516,81.19454609,1.600002441,1.600002441,0.69980957,0.025032109,0.024614041
502,502,0.02498676,0.024571495,0.436412804,0.038097557,0.030934775,5.278639107,98.33805985,81.19884106,1.600002441,1.600002441,0.699196777,0.02498676,0.024571495
503,503,0.024985335,0.024568773,0.436829366,0.038096781,0.030934347,5.285801541,98.33277367,81.19937297,1.600002441,1.600002441,0.699962769,0.024985335,0.024568773
504,504,0.024941382,0.024528811,0.437241937,0.0380306,0.030882685,5.292949455,98.3458383,81.20483284,1.600002441,1.600002441,0.699349976,0.024941382,0.024528811
505,505,0.024924078,0.024510086,0.437655929,0.03800538,0.030860989,5.300093846,98.33898756,81.20163427,1.600002441,1.600002441,0.699503174,0.024924078,0.024510086
506,506,0.024886743,0.024475375,0.438067298,0.037950441,0.03081873,5.307225557,98.34703775,81.20783068,1.600002441,1.600002441,0.69980957,0.024886743,0.024475375
507,507,0.024869433,0.024458074,0.438478657,0.037924004,0.030797607,5.314351954,98.34592407,81.20874299,1.600002441,1.600002441,0.699503174,0.024869433,0.024458074
508,508,0.024826808,0.024416734,0.438888732,0.037857529,0.030746148,5.321463335,98.34825824,81.21541043,1.600002441,1.600002441,0.69980957,0.024826808,0.024416734
509,509,0.02482544,0.024412721,0.439301451,0.037857011,0.03074411,5.328576236,98.33751521,81.21114036,1.600002441,1.600002441,0.699962769,0.02482544,0.024412721
510,510,0.024781495,0.02437412,0.439708826,0.037789396,0.030694824,5.335670808,98.35613217,81.22602321,1.600002441,1.600002441,0.699503174,0.024781495,0.02437412
